fid,FT,Sub,Macs,Depth,Shelter,Slack,Predicted_Classification,Manual_sort
210,G,FINE,LOW,MID,TRUE,FALSE,Adult,Adult
212,G,FINE,LOW,MID,TRUE,FALSE,Adult,Adult
213,G,FINE,LOW,MID,TRUE,FALSE,Adult,Adult
215,G,FINE,LOW,MID,TRUE,TRUE,Adult,Adult
216,G,FINE,LOW,MID,TRUE,FALSE,Adult,Adult
223,G,FINE,LOW,DEEP,TRUE,FALSE,Adult,Adult
224,G,FINE,LOW,DEEP,TRUE,FALSE,Adult,Adult
225,G,FINE,LOW,MID,TRUE,FALSE,Adult,Adult
226,G,FINE,LOW,MID,TRUE,FALSE,Adult,Adult
259,NA,FINE,LOW,MID,TRUE,FALSE,Adult,Adult
263,G,FINE,LOW,MID,TRUE,TRUE,Adult,Adult
277,G,FINE,LOW,MID,TRUE,FALSE,Adult,Adult
279,G,FINE,MEDIUM,MID,TRUE,TRUE,Adult,Adult
284,G,FINE,LOW,MID,TRUE,TRUE,Adult,Adult
289,G,FINE,MEDIUM,MID,TRUE,FALSE,Adult,Adult
290,P,FINE,LOW,DEEP,TRUE,TRUE,Adult,Adult
295,G,FINE,LOW,MID,TRUE,FALSE,Adult,Adult
357,G,FINE,LOW,MID,TRUE,FALSE,Adult,Adult
361,G,FINE,LOW,MID,TRUE,FALSE,Adult,Adult
367,G,FINE,LOW,DEEP,TRUE,TRUE,Adult,Adult
368,G,FINE,MEDIUM,MID,TRUE,TRUE,Adult,Adult
370,G,FINE,LOW,DEEP,TRUE,TRUE,Adult,Adult
373,G,COARSE,LOW,MID,TRUE,FALSE,Adult,Adult
374,G,FINE,LOW,DEEP,TRUE,FALSE,Adult,Adult
375,G,FINE,MEDIUM,DEEP,TRUE,TRUE,Adult,Adult
382,G,MIXED,MEDIUM,DEEP,TRUE,FALSE,Adult,Adult
383,G,MIXED,MEDIUM,DEEP,TRUE,TRUE,Adult,Adult
385,G,FINE,LOW,MID,TRUE,TRUE,Adult,Adult
386,G,FINE,MEDIUM,DEEP,TRUE,FALSE,Adult,Adult
388,G,FINE,LOW,DEEP,TRUE,FALSE,Adult,Adult
392,P,FINE,LOW,DEEP,TRUE,TRUE,Adult,Adult
393,G,FINE,MEDIUM,DEEP,TRUE,FALSE,Adult,Adult
394,G,FINE,LOW,DEEP,TRUE,FALSE,Adult,Adult
396,G,MIXED,LOW,DEEP,TRUE,FALSE,Adult,Adult
397,G,MIXED,LOW,DEEP,TRUE,FALSE,Adult,Adult
398,NA,MIXED,LOW,DEEP,TRUE,TRUE,Adult,Adult
399,G,MIXED,MEDIUM,DEEP,TRUE,TRUE,Adult,Adult
407,G,MIXED,LOW,MID,TRUE,TRUE,Adult,Adult
408,G,MIXED,MEDIUM,MID,TRUE,TRUE,Adult,Adult
410,G,FINE,MEDIUM,MID,TRUE,TRUE,Adult,Adult
412,G,FINE,LOW,DEEP,TRUE,FALSE,Adult,Adult
416,G,FINE,LOW,DEEP,TRUE,TRUE,Adult,Adult
417,G,FINE,MEDIUM,MID,TRUE,FALSE,Adult,Adult
432,G,FINE,LOW,MID,TRUE,FALSE,Adult,Adult
433,G,FINE,LOW,MID,TRUE,TRUE,Adult,Adult
436,G,FINE,LOW,MID,TRUE,FALSE,Adult,Adult
439,P,FINE,MEDIUM,MID,TRUE,FALSE,Adult,Adult
440,NA,FINE,LOW,MID,TRUE,FALSE,Adult,Adult
456,G,FINE,LOW,DEEP,TRUE,TRUE,Adult,Adult
504,G,FINE,MEDIUM,MID,TRUE,FALSE,Adult,Adult
514,G,COARSE,MEDIUM,MID,TRUE,TRUE,Adult,Adult
589,G,MIXED,LOW,MID,TRUE,TRUE,Adult,Adult
595,G,MIXED,MEDIUM,MID,TRUE,FALSE,Adult,Adult
663,G,MIXED,MEDIUM,MID,TRUE,TRUE,Adult,Adult
665,G,MIXED,LOW,MID,TRUE,TRUE,Adult,Adult
666,G,FINE,LOW,DEEP,TRUE,TRUE,Adult,Adult
678,G,FINE,LOW,DEEP,TRUE,FALSE,Adult,Adult
680,G,MIXED,LOW,DEEP,TRUE,TRUE,Adult,Adult
698,G,MIXED,MEDIUM,DEEP,TRUE,FALSE,Adult,Adult
702,G,FINE,LOW,DEEP,TRUE,TRUE,Adult,Adult
704,G,FINE,LOW,DEEP,TRUE,TRUE,Adult,Adult
705,G,FINE,LOW,DEEP,TRUE,FALSE,Adult,Adult
707,G,FINE,LOW,DEEP,TRUE,FALSE,Adult,Adult
709,G,FINE,LOW,MID,TRUE,TRUE,Adult,Adult
714,G,FINE,MEDIUM,MID,TRUE,TRUE,Adult,Adult
715,G,FINE,MEDIUM,MID,TRUE,FALSE,Adult,Adult
723,G,FINE,LOW,MID,TRUE,TRUE,Adult,Adult
729,G,FINE,LOW,MID,TRUE,TRUE,Adult,Adult
261,G,FINE,HIGH,MID,TRUE,TRUE,Juvenile,Juvenile
288,G,FINE,HIGH,MID,TRUE,FALSE,Juvenile,Juvenile
293,G,FINE,HIGH,MID,FALSE,TRUE,Juvenile,Juvenile
305,G,MIXED,HIGH,MID,TRUE,TRUE,Juvenile,Juvenile
335,G,COARSE,HIGH,MID,TRUE,FALSE,Juvenile,Juvenile
362,G,FINE,HIGH,MID,TRUE,TRUE,Juvenile,Juvenile
369,G,FINE,HIGH,MID,FALSE,TRUE,Juvenile,Juvenile
376,G,FINE,HIGH,MID,TRUE,TRUE,Juvenile,Juvenile
377,G,FINE,HIGH,DEEP,TRUE,TRUE,Juvenile,Adult
378,G,FINE,HIGH,DEEP,TRUE,TRUE,Juvenile,Adult
389,P,FINE,HIGH,DEEP,FALSE,FALSE,Juvenile,Unsuitable
400,U,COARSE,HIGH,MID,TRUE,TRUE,Juvenile,Juvenile
401,G,MIXED,HIGH,MID,TRUE,TRUE,Juvenile,Juvenile
402,G,COARSE,HIGH,MID,FALSE,FALSE,Juvenile,Juvenile
404,G,MIXED,HIGH,MID,FALSE,FALSE,Juvenile,Juvenile
444,G,FINE,HIGH,DEEP,TRUE,TRUE,Juvenile,Adult
445,G,FINE,HIGH,MID,FALSE,FALSE,Juvenile,Juvenile
446,G,NV,HIGH,DEEP,FALSE,FALSE,Juvenile,Unsuitable
447,G,NV,HIGH,MID,FALSE,FALSE,Juvenile,Juvenile
448,G,NV,HIGH,MID,TRUE,TRUE,Juvenile,Juvenile
449,G,NV,HIGH,DEEP,FALSE,FALSE,Juvenile,Unsuitable
450,G,NV,HIGH,DEEP,FALSE,FALSE,Juvenile,Unsuitable
452,G,NV,HIGH,DEEP,TRUE,FALSE,Juvenile,Adult
453,G,NV,HIGH,DEEP,TRUE,FALSE,Juvenile,Adult
454,G,NV,HIGH,DEEP,FALSE,FALSE,Juvenile,Unsuitable
455,G,NV,HIGH,DEEP,TRUE,FALSE,Juvenile,Adult
457,G,FINE,HIGH,DEEP,FALSE,TRUE,Juvenile,Unsuitable
460,G,FINE,HIGH,MID,FALSE,FALSE,Juvenile,Juvenile
461,G,COARSE,HIGH,MID,FALSE,FALSE,Juvenile,Juvenile
462,U,COARSE,HIGH,MID,TRUE,FALSE,Juvenile,Juvenile
464,U,COARSE,HIGH,MID,TRUE,FALSE,Juvenile,Juvenile
465,G,FINE,HIGH,MID,FALSE,FALSE,Juvenile,Juvenile
466,G,FINE,HIGH,DEEP,TRUE,FALSE,Juvenile,Adult
468,G,NV,HIGH,MID,TRUE,FALSE,Juvenile,Juvenile
469,G,FINE,HIGH,MID,TRUE,FALSE,Juvenile,Juvenile
470,G,FINE,HIGH,MID,FALSE,FALSE,Juvenile,Juvenile
471,G,FINE,HIGH,DEEP,FALSE,FALSE,Juvenile,Unsuitable
472,G,FINE,HIGH,DEEP,TRUE,FALSE,Juvenile,Adult
473,G,FINE,HIGH,DEEP,TRUE,FALSE,Juvenile,Adult
474,G,FINE,HIGH,MID,TRUE,FALSE,Juvenile,Juvenile
476,G,FINE,HIGH,MID,FALSE,FALSE,Juvenile,Juvenile
477,G,FINE,HIGH,MID,TRUE,FALSE,Juvenile,Juvenile
478,G,COARSE,HIGH,MID,TRUE,FALSE,Juvenile,Juvenile
479,G,COARSE,HIGH,MID,FALSE,FALSE,Juvenile,Juvenile
480,G,COARSE,HIGH,MID,FALSE,FALSE,Juvenile,Juvenile
481,G,COARSE,HIGH,MID,FALSE,FALSE,Juvenile,Juvenile
482,G,COARSE,HIGH,MID,FALSE,FALSE,Juvenile,Juvenile
484,G,COARSE,HIGH,MID,FALSE,FALSE,Juvenile,Juvenile
485,G,COARSE,HIGH,MID,FALSE,FALSE,Juvenile,Juvenile
489,G,COARSE,HIGH,DEEP,FALSE,FALSE,Juvenile,Unsuitable
500,G,COARSE,HIGH,MID,FALSE,FALSE,Juvenile,Juvenile
501,G,FINE,HIGH,MID,FALSE,FALSE,Juvenile,Juvenile
505,G,FINE,HIGH,MID,FALSE,FALSE,Juvenile,Juvenile
506,G,FINE,HIGH,MID,FALSE,FALSE,Juvenile,Juvenile
507,G,FINE,HIGH,MID,FALSE,FALSE,Juvenile,Juvenile
508,G,COARSE,HIGH,MID,FALSE,FALSE,Juvenile,Juvenile
509,G,FINE,HIGH,MID,FALSE,FALSE,Juvenile,Juvenile
512,G,FINE,HIGH,MID,FALSE,FALSE,Juvenile,Juvenile
513,G,COARSE,HIGH,MID,FALSE,TRUE,Juvenile,Juvenile
516,G,FINE,HIGH,DEEP,FALSE,TRUE,Juvenile,Unsuitable
517,G,FINE,HIGH,DEEP,FALSE,TRUE,Juvenile,Unsuitable
519,G,FINE,HIGH,MID,FALSE,TRUE,Juvenile,Juvenile
520,G,FINE,HIGH,MID,FALSE,TRUE,Juvenile,Juvenile
521,G,FINE,HIGH,DEEP,FALSE,TRUE,Juvenile,Unsuitable
522,G,FINE,HIGH,DEEP,FALSE,TRUE,Juvenile,Unsuitable
523,G,FINE,HIGH,DEEP,FALSE,TRUE,Juvenile,Unsuitable
524,NA,FINE,HIGH,DEEP,FALSE,TRUE,Juvenile,Unsuitable
525,G,FINE,HIGH,DEEP,FALSE,TRUE,Juvenile,Unsuitable
528,U,COARSE,HIGH,MID,FALSE,FALSE,Juvenile,Juvenile
529,U,FINE,HIGH,MID,FALSE,TRUE,Juvenile,Juvenile
530,G,FINE,HIGH,DEEP,FALSE,TRUE,Juvenile,Unsuitable
531,G,FINE,HIGH,MID,FALSE,TRUE,Juvenile,Juvenile
532,G,FINE,HIGH,MID,FALSE,FALSE,Juvenile,Juvenile
533,G,FINE,HIGH,DEEP,FALSE,FALSE,Juvenile,Unsuitable
535,G,MIXED,HIGH,MID,FALSE,TRUE,Juvenile,Juvenile
536,G,COARSE,HIGH,MID,FALSE,TRUE,Juvenile,Juvenile
547,G,COARSE,HIGH,MID,FALSE,FALSE,Juvenile,Juvenile
548,G,COARSE,HIGH,MID,FALSE,TRUE,Juvenile,Juvenile
556,P,COARSE,HIGH,DEEP,FALSE,TRUE,Juvenile,Unsuitable
571,G,FINE,HIGH,MID,TRUE,TRUE,Juvenile,Juvenile
574,G,MIXED,HIGH,DEEP,FALSE,FALSE,Juvenile,Unsuitable
575,G,MIXED,HIGH,DEEP,FALSE,FALSE,Juvenile,Unsuitable
576,G,FINE,HIGH,DEEP,TRUE,TRUE,Juvenile,Adult
578,G,COARSE,HIGH,MID,TRUE,FALSE,Juvenile,Juvenile
584,G,MIXED,HIGH,MID,TRUE,FALSE,Juvenile,Juvenile
591,G,MIXED,HIGH,MID,TRUE,FALSE,Juvenile,Juvenile
592,G,COARSE,HIGH,MID,TRUE,FALSE,Juvenile,Juvenile
594,G,MIXED,HIGH,MID,FALSE,FALSE,Juvenile,Juvenile
596,G,MIXED,HIGH,MID,TRUE,FALSE,Juvenile,Juvenile
597,G,MIXED,HIGH,MID,FALSE,FALSE,Juvenile,Juvenile
598,G,MIXED,HIGH,MID,FALSE,FALSE,Juvenile,Juvenile
599,G,MIXED,HIGH,MID,TRUE,FALSE,Juvenile,Juvenile
602,G,COARSE,HIGH,MID,FALSE,FALSE,Juvenile,Juvenile
603,G,COARSE,HIGH,MID,FALSE,FALSE,Juvenile,Juvenile
604,G,COARSE,HIGH,MID,FALSE,FALSE,Juvenile,Juvenile
605,G,COARSE,HIGH,MID,FALSE,TRUE,Juvenile,Juvenile
606,G,COARSE,HIGH,MID,TRUE,FALSE,Juvenile,Juvenile
619,G,MIXED,HIGH,MID,FALSE,FALSE,Juvenile,Juvenile
627,G,FINE,HIGH,MID,TRUE,TRUE,Juvenile,Juvenile
632,G,FINE,HIGH,DEEP,FALSE,FALSE,Juvenile,Unsuitable
633,G,FINE,HIGH,MID,FALSE,TRUE,Juvenile,Juvenile
643,U,MIXED,HIGH,MID,FALSE,TRUE,Juvenile,Juvenile
645,G,COARSE,HIGH,MID,TRUE,TRUE,Juvenile,Juvenile
646,G,COARSE,HIGH,MID,TRUE,TRUE,Juvenile,Juvenile
653,G,MIXED,HIGH,MID,FALSE,TRUE,Juvenile,Juvenile
661,G,MIXED,HIGH,MID,FALSE,TRUE,Juvenile,Juvenile
667,G,FINE,HIGH,DEEP,TRUE,TRUE,Juvenile,Adult
669,G,FINE,HIGH,MID,TRUE,TRUE,Juvenile,Juvenile
671,G,FINE,HIGH,DEEP,TRUE,TRUE,Juvenile,Adult
672,U,FINE,HIGH,DEEP,FALSE,FALSE,Juvenile,Unsuitable
673,G,FINE,HIGH,DEEP,TRUE,FALSE,Juvenile,Adult
674,G,FINE,HIGH,DEEP,TRUE,TRUE,Juvenile,Adult
675,G,FINE,HIGH,MID,TRUE,FALSE,Juvenile,Juvenile
677,G,FINE,HIGH,MID,TRUE,FALSE,Juvenile,Juvenile
679,G,FINE,HIGH,MID,TRUE,TRUE,Juvenile,Juvenile
681,G,FINE,HIGH,MID,TRUE,TRUE,Juvenile,Juvenile
683,G,FINE,HIGH,DEEP,TRUE,TRUE,Juvenile,Adult
685,G,MIXED,HIGH,MID,TRUE,FALSE,Juvenile,Juvenile
686,G,FINE,HIGH,MID,TRUE,TRUE,Juvenile,Juvenile
687,G,FINE,HIGH,MID,TRUE,TRUE,Juvenile,Juvenile
688,G,FINE,HIGH,MID,TRUE,TRUE,Juvenile,Juvenile
689,G,FINE,HIGH,MID,TRUE,TRUE,Juvenile,Juvenile
691,G,FINE,HIGH,MID,FALSE,TRUE,Juvenile,Juvenile
693,G,FINE,HIGH,MID,FALSE,FALSE,Juvenile,Juvenile
696,G,FINE,HIGH,MID,FALSE,TRUE,Juvenile,Juvenile
699,G,MIXED,HIGH,MID,TRUE,TRUE,Juvenile,Juvenile
706,G,FINE,HIGH,DEEP,TRUE,FALSE,Juvenile,Adult
717,G,MIXED,HIGH,MID,TRUE,TRUE,Juvenile,Juvenile
725,G,FINE,HIGH,MID,TRUE,FALSE,Juvenile,Juvenile
730,G,FINE,HIGH,MID,FALSE,FALSE,Juvenile,Juvenile
11,G,COARSE,LOW,SHALLOW,TRUE,FALSE,Spawning,Spawning
13,G,COARSE,HIGH,SHALLOW,TRUE,FALSE,Spawning,Spawning
30,U,COARSE,LOW,SHALLOW,TRUE,FALSE,Spawning,Spawning
37,U,COARSE,LOW,SHALLOW,TRUE,FALSE,Spawning,Spawning
39,U,COARSE,LOW,SHALLOW,TRUE,FALSE,Spawning,Spawning
42,U,COARSE,HIGH,SHALLOW,FALSE,FALSE,Spawning,Spawning
49,G,COARSE,LOW,SHALLOW,TRUE,FALSE,Spawning,Spawning
53,G,COARSE,HIGH,SHALLOW,TRUE,TRUE,Spawning,Spawning
152,G,COARSE,MEDIUM,SHALLOW,TRUE,TRUE,Spawning,Spawning
153,G,COARSE,LOW,SHALLOW,TRUE,FALSE,Spawning,Spawning
154,G,COARSE,MEDIUM,SHALLOW,TRUE,TRUE,Spawning,Spawning
185,G,COARSE,LOW,SHALLOW,TRUE,FALSE,Spawning,Spawning
229,R,COARSE,HIGH,SHALLOW,TRUE,FALSE,Spawning,Spawning
285,G,COARSE,MEDIUM,SHALLOW,TRUE,TRUE,Spawning,Spawning
313,U,COARSE,HIGH,SHALLOW,TRUE,TRUE,Spawning,Spawning
325,R,COARSE,MEDIUM,SHALLOW,TRUE,FALSE,Spawning,Spawning
330,U,COARSE,HIGH,SHALLOW,FALSE,TRUE,Spawning,Spawning
336,G,COARSE,HIGH,SHALLOW,TRUE,FALSE,Spawning,Spawning
337,G,COARSE,HIGH,SHALLOW,TRUE,FALSE,Spawning,Spawning
338,G,COARSE,HIGH,SHALLOW,TRUE,FALSE,Spawning,Spawning
340,U,COARSE,HIGH,SHALLOW,TRUE,FALSE,Spawning,Spawning
341,U,COARSE,HIGH,SHALLOW,TRUE,FALSE,Spawning,Spawning
348,U,COARSE,HIGH,SHALLOW,TRUE,TRUE,Spawning,Spawning
349,U,COARSE,MEDIUM,SHALLOW,TRUE,TRUE,Spawning,Spawning
372,G,COARSE,MEDIUM,SHALLOW,TRUE,TRUE,Spawning,Spawning
405,G,COARSE,MEDIUM,SHALLOW,FALSE,TRUE,Spawning,Spawning
406,G,COARSE,MEDIUM,SHALLOW,TRUE,TRUE,Spawning,Spawning
463,U,COARSE,HIGH,SHALLOW,TRUE,FALSE,Spawning,Spawning
492,G,COARSE,HIGH,SHALLOW,TRUE,FALSE,Spawning,Spawning
494,G,COARSE,HIGH,SHALLOW,FALSE,FALSE,Spawning,Spawning
495,G,COARSE,HIGH,SHALLOW,FALSE,FALSE,Spawning,Spawning
511,G,COARSE,HIGH,SHALLOW,TRUE,FALSE,Spawning,Spawning
537,G,COARSE,LOW,SHALLOW,FALSE,TRUE,Spawning,Spawning
539,G,COARSE,HIGH,SHALLOW,TRUE,TRUE,Spawning,Spawning
540,U,COARSE,HIGH,SHALLOW,FALSE,TRUE,Spawning,Spawning
541,U,COARSE,HIGH,SHALLOW,FALSE,FALSE,Spawning,Spawning
549,U,COARSE,HIGH,SHALLOW,FALSE,TRUE,Spawning,Spawning
551,U,COARSE,MEDIUM,SHALLOW,FALSE,TRUE,Spawning,Spawning
552,U,COARSE,MEDIUM,SHALLOW,FALSE,TRUE,Spawning,Spawning
553,G,COARSE,HIGH,SHALLOW,TRUE,TRUE,Spawning,Spawning
554,U,COARSE,HIGH,SHALLOW,FALSE,TRUE,Spawning,Spawning
555,U,COARSE,HIGH,SHALLOW,FALSE,TRUE,Spawning,Spawning
557,G,COARSE,HIGH,SHALLOW,FALSE,TRUE,Spawning,Spawning
559,G,COARSE,MEDIUM,SHALLOW,FALSE,TRUE,Spawning,Spawning
610,G,COARSE,HIGH,SHALLOW,TRUE,TRUE,Spawning,Spawning
612,G,COARSE,HIGH,SHALLOW,FALSE,FALSE,Spawning,Spawning
613,G,COARSE,HIGH,SHALLOW,FALSE,FALSE,Spawning,Spawning
621,G,COARSE,LOW,SHALLOW,FALSE,FALSE,Spawning,Spawning
634,G,COARSE,HIGH,SHALLOW,FALSE,TRUE,Spawning,Spawning
635,G,COARSE,HIGH,SHALLOW,FALSE,FALSE,Spawning,Spawning
637,G,COARSE,HIGH,SHALLOW,FALSE,FALSE,Spawning,Spawning
639,G,COARSE,HIGH,SHALLOW,FALSE,TRUE,Spawning,Spawning
640,G,COARSE,MEDIUM,SHALLOW,FALSE,TRUE,Spawning,Spawning
642,G,COARSE,HIGH,SHALLOW,FALSE,TRUE,Spawning,Spawning
647,G,COARSE,HIGH,SHALLOW,FALSE,TRUE,Spawning,Spawning
649,G,COARSE,MEDIUM,SHALLOW,FALSE,FALSE,Spawning,Spawning
650,G,COARSE,HIGH,SHALLOW,TRUE,TRUE,Spawning,Spawning
651,G,COARSE,HIGH,SHALLOW,TRUE,FALSE,Spawning,Spawning
655,G,COARSE,HIGH,SHALLOW,FALSE,TRUE,Spawning,Spawning
656,G,COARSE,HIGH,SHALLOW,FALSE,TRUE,Spawning,Spawning
657,G,COARSE,MEDIUM,SHALLOW,TRUE,TRUE,Spawning,Spawning
658,G,COARSE,MEDIUM,SHALLOW,TRUE,TRUE,Spawning,Spawning
1,G,FINE,LOW,SHALLOW,TRUE,TRUE,Unsuitable,Unsuitable
2,G,FINE,LOW,SHALLOW,TRUE,FALSE,Unsuitable,Unsuitable
3,G,FINE,LOW,SHALLOW,TRUE,FALSE,Unsuitable,Unsuitable
5,G,FINE,LOW,SHALLOW,TRUE,FALSE,Unsuitable,Unsuitable
6,G,FINE,LOW,SHALLOW,TRUE,FALSE,Unsuitable,Unsuitable
8,G,FINE,LOW,SHALLOW,TRUE,FALSE,Unsuitable,Unsuitable
9,G,MIXED,LOW,SHALLOW,TRUE,FALSE,Unsuitable,Unsuitable
10,G,MIXED,LOW,SHALLOW,TRUE,FALSE,Unsuitable,Unsuitable
14,G,MIXED,LOW,SHALLOW,TRUE,FALSE,Unsuitable,Unsuitable
15,G,FINE,LOW,SHALLOW,TRUE,FALSE,Unsuitable,Unsuitable
16,G,FINE,LOW,SHALLOW,TRUE,FALSE,Unsuitable,Unsuitable
18,G,MIXED,LOW,SHALLOW,TRUE,FALSE,Unsuitable,Unsuitable
19,G,MIXED,LOW,SHALLOW,TRUE,FALSE,Unsuitable,Unsuitable
20,G,MIXED,MEDIUM,SHALLOW,TRUE,FALSE,Unsuitable,Unsuitable
21,G,FINE,LOW,SHALLOW,TRUE,FALSE,Unsuitable,Unsuitable
22,G,FINE,LOW,SHALLOW,TRUE,FALSE,Unsuitable,Unsuitable
24,G,FINE,LOW,SHALLOW,TRUE,FALSE,Unsuitable,Unsuitable
25,G,FINE,LOW,SHALLOW,TRUE,TRUE,Unsuitable,Unsuitable
26,G,FINE,LOW,SHALLOW,FALSE,FALSE,Unsuitable,Unsuitable
27,G,FINE,LOW,SHALLOW,TRUE,FALSE,Unsuitable,Unsuitable
28,G,FINE,LOW,SHALLOW,TRUE,FALSE,Unsuitable,Unsuitable
32,G,FINE,LOW,SHALLOW,FALSE,FALSE,Unsuitable,Unsuitable
33,G,MIXED,LOW,SHALLOW,TRUE,FALSE,Unsuitable,Unsuitable
34,G,MIXED,LOW,SHALLOW,TRUE,TRUE,Unsuitable,Unsuitable
35,G,MIXED,LOW,SHALLOW,TRUE,TRUE,Unsuitable,Unsuitable
36,G,MIXED,MEDIUM,SHALLOW,FALSE,FALSE,Unsuitable,Unsuitable
40,U,MIXED,LOW,SHALLOW,TRUE,FALSE,Unsuitable,Unsuitable
41,G,MIXED,HIGH,SHALLOW,TRUE,FALSE,Unsuitable,Unsuitable
44,G,MIXED,MEDIUM,SHALLOW,TRUE,FALSE,Unsuitable,Unsuitable
45,G,MIXED,LOW,SHALLOW,TRUE,FALSE,Unsuitable,Unsuitable
46,G,MIXED,LOW,SHALLOW,TRUE,FALSE,Unsuitable,Unsuitable
48,G,MIXED,LOW,SHALLOW,TRUE,FALSE,Unsuitable,Unsuitable
59,U,MIXED,MEDIUM,SHALLOW,TRUE,FALSE,Unsuitable,Unsuitable
60,G,MIXED,MEDIUM,SHALLOW,TRUE,TRUE,Unsuitable,Unsuitable
62,G,FINE,LOW,SHALLOW,FALSE,FALSE,Unsuitable,Unsuitable
97,G,FINE,LOW,SHALLOW,TRUE,TRUE,Unsuitable,Unsuitable
102,G,FINE,HIGH,SHALLOW,FALSE,FALSE,Unsuitable,Unsuitable
105,G,FINE,HIGH,SHALLOW,FALSE,FALSE,Unsuitable,Unsuitable
115,G,FINE,HIGH,SHALLOW,FALSE,TRUE,Unsuitable,Unsuitable
117,G,FINE,MEDIUM,DEEP,FALSE,FALSE,Unsuitable,Unsuitable
120,G,FINE,MEDIUM,SHALLOW,TRUE,FALSE,Unsuitable,Unsuitable
121,U,NV,HIGH,SHALLOW,FALSE,FALSE,Unsuitable,Unsuitable
148,G,NV,LOW,SHALLOW,TRUE,FALSE,Unsuitable,Unsuitable
150,G,FINE,MEDIUM,SHALLOW,FALSE,FALSE,Unsuitable,Unsuitable
163,G,NV,MEDIUM,SHALLOW,FALSE,TRUE,Unsuitable,Unsuitable
166,G,NV,LOW,SHALLOW,TRUE,TRUE,Unsuitable,Unsuitable
167,G,NV,LOW,SHALLOW,FALSE,FALSE,Unsuitable,Unsuitable
174,G,NV,LOW,SHALLOW,FALSE,FALSE,Unsuitable,Unsuitable
177,G,FINE,MEDIUM,SHALLOW,FALSE,FALSE,Unsuitable,Unsuitable
178,G,NV,HIGH,SHALLOW,TRUE,FALSE,Unsuitable,Unsuitable
179,G,MIXED,HIGH,SHALLOW,TRUE,FALSE,Unsuitable,Unsuitable
180,G,MIXED,HIGH,SHALLOW,FALSE,FALSE,Unsuitable,Unsuitable
182,G,FINE,LOW,SHALLOW,TRUE,FALSE,Unsuitable,Unsuitable
184,G,FINE,HIGH,SHALLOW,FALSE,FALSE,Unsuitable,Unsuitable
186,G,NV,HIGH,SHALLOW,FALSE,TRUE,Unsuitable,Unsuitable
187,G,NV,LOW,SHALLOW,FALSE,FALSE,Unsuitable,Unsuitable
189,G,FINE,HIGH,SHALLOW,FALSE,TRUE,Unsuitable,Unsuitable
191,U,MIXED,HIGH,SHALLOW,TRUE,FALSE,Unsuitable,Unsuitable
192,U,MIXED,HIGH,SHALLOW,FALSE,FALSE,Unsuitable,Unsuitable
193,U,MIXED,HIGH,SHALLOW,FALSE,FALSE,Unsuitable,Unsuitable
195,U,MIXED,MEDIUM,SHALLOW,FALSE,FALSE,Unsuitable,Unsuitable
196,U,MIXED,LOW,SHALLOW,TRUE,TRUE,Unsuitable,Unsuitable
198,G,MIXED,LOW,SHALLOW,FALSE,FALSE,Unsuitable,Unsuitable
199,G,MIXED,LOW,SHALLOW,FALSE,FALSE,Unsuitable,Unsuitable
200,G,MIXED,LOW,SHALLOW,FALSE,FALSE,Unsuitable,Unsuitable
201,G,FINE,LOW,SHALLOW,TRUE,FALSE,Unsuitable,Unsuitable
202,G,MIXED,LOW,SHALLOW,FALSE,FALSE,Unsuitable,Unsuitable
204,G,FINE,LOW,SHALLOW,TRUE,FALSE,Unsuitable,Unsuitable
207,P,FINE,HIGH,SHALLOW,TRUE,TRUE,Unsuitable,Unsuitable
208,G,FINE,LOW,SHALLOW,TRUE,FALSE,Unsuitable,Unsuitable
209,G,FINE,LOW,SHALLOW,TRUE,FALSE,Unsuitable,Unsuitable
217,G,FINE,LOW,SHALLOW,TRUE,FALSE,Unsuitable,Unsuitable
218,G,FINE,LOW,SHALLOW,TRUE,FALSE,Unsuitable,Unsuitable
220,G,FINE,LOW,SHALLOW,TRUE,FALSE,Unsuitable,Unsuitable
221,G,FINE,LOW,SHALLOW,TRUE,FALSE,Unsuitable,Unsuitable
228,G,MIXED,LOW,SHALLOW,FALSE,FALSE,Unsuitable,Unsuitable
231,G,MIXED,LOW,SHALLOW,TRUE,FALSE,Unsuitable,Unsuitable
232,G,FINE,HIGH,SHALLOW,TRUE,FALSE,Unsuitable,Unsuitable
233,G,FINE,LOW,SHALLOW,TRUE,FALSE,Unsuitable,Unsuitable
234,G,FINE,HIGH,SHALLOW,TRUE,TRUE,Unsuitable,Unsuitable
236,G,MIXED,HIGH,SHALLOW,TRUE,FALSE,Unsuitable,Unsuitable
237,G,MIXED,HIGH,SHALLOW,TRUE,FALSE,Unsuitable,Unsuitable
239,G,MIXED,HIGH,SHALLOW,TRUE,FALSE,Unsuitable,Unsuitable
240,G,MIXED,HIGH,SHALLOW,TRUE,TRUE,Unsuitable,Unsuitable
241,G,FINE,HIGH,SHALLOW,TRUE,TRUE,Unsuitable,Unsuitable
242,G,FINE,LOW,SHALLOW,TRUE,FALSE,Unsuitable,Unsuitable
244,G,FINE,LOW,SHALLOW,TRUE,FALSE,Unsuitable,Unsuitable
245,G,FINE,LOW,SHALLOW,FALSE,FALSE,Unsuitable,Unsuitable
247,U,FINE,HIGH,SHALLOW,FALSE,FALSE,Unsuitable,Unsuitable
248,U,FINE,HIGH,SHALLOW,FALSE,FALSE,Unsuitable,Unsuitable
249,U,MIXED,HIGH,SHALLOW,FALSE,FALSE,Unsuitable,Unsuitable
250,P,NV,LOW,SHALLOW,FALSE,FALSE,Unsuitable,Unsuitable
252,SLACK,NV,HIGH,SHALLOW,FALSE,FALSE,Unsuitable,Unsuitable
253,G,FINE,LOW,SHALLOW,FALSE,FALSE,Unsuitable,Unsuitable
255,G,FINE,HIGH,SHALLOW,FALSE,FALSE,Unsuitable,Unsuitable
256,G,MIXED,MEDIUM,SHALLOW,FALSE,FALSE,Unsuitable,Unsuitable
257,G,MIXED,LOW,SHALLOW,FALSE,FALSE,Unsuitable,Unsuitable
260,G,FINE,HIGH,SHALLOW,FALSE,FALSE,Unsuitable,Unsuitable
264,G,FINE,LOW,MID,FALSE,TRUE,Unsuitable,Unsuitable
265,G,FINE,LOW,SHALLOW,FALSE,FALSE,Unsuitable,Unsuitable
267,G,FINE,HIGH,SHALLOW,FALSE,FALSE,Unsuitable,Unsuitable
268,G,FINE,MEDIUM,SHALLOW,FALSE,FALSE,Unsuitable,Unsuitable
269,G,FINE,LOW,SHALLOW,TRUE,FALSE,Unsuitable,Unsuitable
271,G,MIXED,LOW,SHALLOW,TRUE,FALSE,Unsuitable,Unsuitable
272,G,MIXED,HIGH,SHALLOW,TRUE,FALSE,Unsuitable,Unsuitable
273,G,MIXED,HIGH,SHALLOW,FALSE,TRUE,Unsuitable,Unsuitable
275,U,MIXED,HIGH,SHALLOW,TRUE,FALSE,Unsuitable,Unsuitable
276,G,FINE,HIGH,SHALLOW,TRUE,TRUE,Unsuitable,Unsuitable
280,G,FINE,HIGH,SHALLOW,TRUE,TRUE,Unsuitable,Unsuitable
281,G,FINE,HIGH,SHALLOW,FALSE,TRUE,Unsuitable,Unsuitable
283,G,FINE,MEDIUM,SHALLOW,TRUE,TRUE,Unsuitable,Unsuitable
287,G,FINE,HIGH,SHALLOW,TRUE,FALSE,Unsuitable,Unsuitable
292,P,FINE,LOW,DEEP,FALSE,FALSE,Unsuitable,Unsuitable
296,G,FINE,LOW,SHALLOW,TRUE,TRUE,Unsuitable,Unsuitable
297,G,FINE,MEDIUM,SHALLOW,TRUE,TRUE,Unsuitable,Unsuitable
298,G,MIXED,LOW,SHALLOW,TRUE,TRUE,Unsuitable,Unsuitable
300,G,MIXED,MEDIUM,SHALLOW,FALSE,TRUE,Unsuitable,Unsuitable
301,G,MIXED,LOW,SHALLOW,TRUE,TRUE,Unsuitable,Unsuitable
303,G,MIXED,HIGH,SHALLOW,TRUE,FALSE,Unsuitable,Unsuitable
304,G,MIXED,HIGH,SHALLOW,TRUE,TRUE,Unsuitable,Unsuitable
306,G,MIXED,MEDIUM,SHALLOW,FALSE,TRUE,Unsuitable,Unsuitable
308,G,MIXED,MEDIUM,SHALLOW,TRUE,FALSE,Unsuitable,Unsuitable
309,G,FINE,HIGH,SHALLOW,TRUE,FALSE,Unsuitable,Unsuitable
311,G,MIXED,HIGH,SHALLOW,TRUE,FALSE,Unsuitable,Unsuitable
312,G,FINE,MEDIUM,MID,FALSE,FALSE,Unsuitable,Unsuitable
314,U,MIXED,MEDIUM,SHALLOW,TRUE,TRUE,Unsuitable,Unsuitable
316,G,FINE,LOW,SHALLOW,TRUE,FALSE,Unsuitable,Unsuitable
317,U,MIXED,HIGH,SHALLOW,TRUE,FALSE,Unsuitable,Unsuitable
319,G,FINE,LOW,SHALLOW,TRUE,TRUE,Unsuitable,Unsuitable
320,G,FINE,LOW,SHALLOW,TRUE,FALSE,Unsuitable,Unsuitable
321,G,MIXED,LOW,SHALLOW,TRUE,TRUE,Unsuitable,Unsuitable
322,G,FINE,LOW,SHALLOW,TRUE,TRUE,Unsuitable,Unsuitable
324,G,FINE,HIGH,SHALLOW,TRUE,FALSE,Unsuitable,Unsuitable
327,G,FINE,MEDIUM,SHALLOW,TRUE,FALSE,Unsuitable,Unsuitable
328,G,FINE,HIGH,SHALLOW,TRUE,FALSE,Unsuitable,Unsuitable
329,G,MIXED,HIGH,SHALLOW,FALSE,TRUE,Unsuitable,Unsuitable
332,G,MIXED,MEDIUM,SHALLOW,FALSE,TRUE,Unsuitable,Unsuitable
333,G,FINE,LOW,SHALLOW,TRUE,TRUE,Unsuitable,Unsuitable
343,U,FINE,HIGH,SHALLOW,TRUE,TRUE,Unsuitable,Unsuitable
344,U,FINE,HIGH,SHALLOW,FALSE,FALSE,Unsuitable,Unsuitable
345,U,MIXED,HIGH,SHALLOW,FALSE,FALSE,Unsuitable,Unsuitable
346,G,FINE,HIGH,SHALLOW,FALSE,TRUE,Unsuitable,Unsuitable
351,U,MIXED,HIGH,SHALLOW,TRUE,FALSE,Unsuitable,Unsuitable
352,U,MIXED,MEDIUM,SHALLOW,FALSE,TRUE,Unsuitable,Unsuitable
353,G,MIXED,LOW,SHALLOW,TRUE,FALSE,Unsuitable,Unsuitable
354,G,MIXED,HIGH,SHALLOW,TRUE,TRUE,Unsuitable,Unsuitable
356,G,MIXED,MEDIUM,SHALLOW,TRUE,FALSE,Unsuitable,Unsuitable
359,G,MIXED,LOW,SHALLOW,TRUE,TRUE,Unsuitable,Unsuitable
360,P,FINE,LOW,SHALLOW,TRUE,FALSE,Unsuitable,Unsuitable
364,G,FINE,LOW,MID,FALSE,FALSE,Unsuitable,Unsuitable
365,G,FINE,LOW,DEEP,FALSE,FALSE,Unsuitable,Unsuitable
380,G,FINE,MEDIUM,DEEP,FALSE,TRUE,Unsuitable,Unsuitable
381,G,MIXED,MEDIUM,DEEP,FALSE,FALSE,Unsuitable,Unsuitable
384,SLACK,FINE,MEDIUM,SHALLOW,TRUE,TRUE,Unsuitable,Unsuitable
390,P,FINE,LOW,DEEP,FALSE,FALSE,Unsuitable,Unsuitable
391,P,FINE,LOW,DEEP,FALSE,FALSE,Unsuitable,Unsuitable
409,G,FINE,LOW,SHALLOW,TRUE,TRUE,Unsuitable,Unsuitable
413,G,FINE,LOW,SHALLOW,FALSE,FALSE,Unsuitable,Unsuitable
414,G,FINE,MEDIUM,SHALLOW,FALSE,FALSE,Unsuitable,Unsuitable
415,G,MIXED,HIGH,SHALLOW,TRUE,TRUE,Unsuitable,Unsuitable
418,G,FINE,MEDIUM,MID,FALSE,FALSE,Unsuitable,Unsuitable
420,G,FINE,LOW,SHALLOW,TRUE,TRUE,Unsuitable,Unsuitable
421,G,FINE,LOW,SHALLOW,FALSE,FALSE,Unsuitable,Unsuitable
426,G,FINE,HIGH,SHALLOW,TRUE,TRUE,Unsuitable,Unsuitable
428,G,FINE,MEDIUM,SHALLOW,TRUE,TRUE,Unsuitable,Unsuitable
429,G,FINE,LOW,SHALLOW,TRUE,TRUE,Unsuitable,Unsuitable
430,G,FINE,MEDIUM,SHALLOW,TRUE,TRUE,Unsuitable,Unsuitable
431,G,FINE,LOW,SHALLOW,TRUE,FALSE,Unsuitable,Unsuitable
434,G,FINE,LOW,DEEP,FALSE,TRUE,Unsuitable,Unsuitable
437,G,FINE,LOW,SHALLOW,TRUE,FALSE,Unsuitable,Unsuitable
438,G,FINE,MEDIUM,SHALLOW,TRUE,FALSE,Unsuitable,Unsuitable
441,G,FINE,LOW,MID,FALSE,FALSE,Unsuitable,Unsuitable
442,P,FINE,MEDIUM,DEEP,FALSE,FALSE,Unsuitable,Unsuitable
458,G,FINE,HIGH,SHALLOW,FALSE,FALSE,Unsuitable,Unsuitable
486,G,COARSE,MEDIUM,MID,FALSE,FALSE,Unsuitable,Unsuitable
487,G,FINE,MEDIUM,MID,FALSE,FALSE,Unsuitable,Unsuitable
488,G,COARSE,MEDIUM,MID,FALSE,FALSE,Unsuitable,Unsuitable
490,G,FINE,MEDIUM,MID,FALSE,FALSE,Unsuitable,Unsuitable
493,G,MIXED,HIGH,SHALLOW,FALSE,FALSE,Unsuitable,Unsuitable
503,G,FINE,LOW,MID,FALSE,FALSE,Unsuitable,Unsuitable
515,G,FINE,MEDIUM,DEEP,FALSE,FALSE,Unsuitable,Unsuitable
527,U,COARSE,LOW,MID,FALSE,TRUE,Unsuitable,Unsuitable
538,G,FINE,LOW,DEEP,FALSE,TRUE,Unsuitable,Unsuitable
543,G,NV,HIGH,SHALLOW,FALSE,FALSE,Unsuitable,Unsuitable
544,P,NV,LOW,DEEP,FALSE,TRUE,Unsuitable,Unsuitable
545,R,FINE,LOW,SHALLOW,FALSE,TRUE,Unsuitable,Unsuitable
546,G,MIXED,LOW,SHALLOW,FALSE,FALSE,Unsuitable,Unsuitable
560,G,MIXED,MEDIUM,SHALLOW,FALSE,TRUE,Unsuitable,Unsuitable
561,G,FINE,HIGH,SHALLOW,FALSE,TRUE,Unsuitable,Unsuitable
562,G,FINE,HIGH,SHALLOW,FALSE,TRUE,Unsuitable,Unsuitable
563,G,FINE,HIGH,SHALLOW,FALSE,TRUE,Unsuitable,Unsuitable
564,G,FINE,LOW,SHALLOW,TRUE,TRUE,Unsuitable,Unsuitable
568,P,MIXED,LOW,MID,FALSE,FALSE,Unsuitable,Unsuitable
570,G,FINE,LOW,MID,FALSE,TRUE,Unsuitable,Unsuitable
572,G,FINE,LOW,SHALLOW,TRUE,TRUE,Unsuitable,Unsuitable
573,G,MIXED,LOW,SHALLOW,TRUE,FALSE,Unsuitable,Unsuitable
579,G,MIXED,LOW,SHALLOW,FALSE,TRUE,Unsuitable,Unsuitable
580,G,MIXED,LOW,SHALLOW,TRUE,TRUE,Unsuitable,Unsuitable
581,G,FINE,MEDIUM,SHALLOW,TRUE,FALSE,Unsuitable,Unsuitable
582,G,FINE,HIGH,SHALLOW,TRUE,TRUE,Unsuitable,Unsuitable
583,G,MIXED,MEDIUM,SHALLOW,FALSE,TRUE,Unsuitable,Unsuitable
586,G,MIXED,HIGH,SHALLOW,TRUE,FALSE,Unsuitable,Unsuitable
587,G,MIXED,HIGH,SHALLOW,TRUE,FALSE,Unsuitable,Unsuitable
588,SLACK,MIXED,HIGH,SHALLOW,TRUE,TRUE,Unsuitable,Unsuitable
590,G,MIXED,LOW,SHALLOW,TRUE,FALSE,Unsuitable,Unsuitable
600,G,MIXED,HIGH,SHALLOW,TRUE,FALSE,Unsuitable,Unsuitable
607,G,MIXED,HIGH,SHALLOW,TRUE,TRUE,Unsuitable,Unsuitable
608,G,MIXED,HIGH,SHALLOW,TRUE,FALSE,Unsuitable,Unsuitable
611,G,MIXED,HIGH,SHALLOW,TRUE,TRUE,Unsuitable,Unsuitable
614,G,MIXED,LOW,SHALLOW,TRUE,TRUE,Unsuitable,Unsuitable
615,G,MIXED,LOW,SHALLOW,TRUE,TRUE,Unsuitable,Unsuitable
622,P,COARSE,LOW,DEEP,FALSE,FALSE,Unsuitable,Unsuitable
623,G,MIXED,MEDIUM,DEEP,FALSE,FALSE,Unsuitable,Unsuitable
624,G,MIXED,MEDIUM,DEEP,FALSE,TRUE,Unsuitable,Unsuitable
625,G,MIXED,HIGH,SHALLOW,TRUE,TRUE,Unsuitable,Unsuitable
626,G,FINE,HIGH,SHALLOW,FALSE,TRUE,Unsuitable,Unsuitable
629,G,FINE,MEDIUM,SHALLOW,FALSE,TRUE,Unsuitable,Unsuitable
630,P,FINE,MEDIUM,SHALLOW,FALSE,FALSE,Unsuitable,Unsuitable
631,G,FINE,LOW,DEEP,FALSE,FALSE,Unsuitable,Unsuitable
638,G,MIXED,HIGH,SHALLOW,FALSE,FALSE,Unsuitable,Unsuitable
641,G,MIXED,MEDIUM,SHALLOW,TRUE,TRUE,Unsuitable,Unsuitable
648,G,COARSE,MEDIUM,MID,FALSE,TRUE,Unsuitable,Unsuitable
654,G,MIXED,HIGH,SHALLOW,FALSE,TRUE,Unsuitable,Unsuitable
659,G,FINE,HIGH,SHALLOW,TRUE,FALSE,Unsuitable,Unsuitable
662,G,MIXED,HIGH,SHALLOW,TRUE,TRUE,Unsuitable,Unsuitable
664,G,MIXED,MEDIUM,SHALLOW,TRUE,TRUE,Unsuitable,Unsuitable
670,U,FINE,HIGH,SHALLOW,FALSE,TRUE,Unsuitable,Unsuitable
682,G,FINE,HIGH,SHALLOW,TRUE,TRUE,Unsuitable,Unsuitable
690,G,FINE,HIGH,SHALLOW,FALSE,FALSE,Unsuitable,Unsuitable
694,G,FINE,HIGH,SHALLOW,TRUE,TRUE,Unsuitable,Unsuitable
695,G,FINE,HIGH,SHALLOW,TRUE,TRUE,Unsuitable,Unsuitable
697,G,FINE,MEDIUM,SHALLOW,TRUE,TRUE,Unsuitable,Unsuitable
701,G,MIXED,HIGH,SHALLOW,TRUE,TRUE,Unsuitable,Unsuitable
703,G,FINE,LOW,SHALLOW,TRUE,TRUE,Unsuitable,Unsuitable
710,G,FINE,HIGH,SHALLOW,TRUE,TRUE,Unsuitable,Unsuitable
711,G,FINE,LOW,SHALLOW,TRUE,TRUE,Unsuitable,Unsuitable
712,G,FINE,MEDIUM,SHALLOW,TRUE,TRUE,Unsuitable,Unsuitable
713,G,FINE,HIGH,SHALLOW,FALSE,FALSE,Unsuitable,Unsuitable
718,G,MIXED,LOW,MID,FALSE,TRUE,Unsuitable,Unsuitable
719,G,FINE,MEDIUM,SHALLOW,FALSE,TRUE,Unsuitable,Unsuitable
720,G,FINE,LOW,SHALLOW,TRUE,TRUE,Unsuitable,Unsuitable
721,G,FINE,LOW,SHALLOW,TRUE,TRUE,Unsuitable,Unsuitable
722,G,FINE,HIGH,SHALLOW,TRUE,TRUE,Unsuitable,Unsuitable
726,G,FINE,LOW,SHALLOW,TRUE,FALSE,Unsuitable,Unsuitable
727,G,FINE,LOW,SHALLOW,TRUE,TRUE,Unsuitable,Unsuitable
728,G,FINE,MEDIUM,SHALLOW,TRUE,TRUE,Unsuitable,Unsuitable
731,G,FINE,HIGH,SHALLOW,TRUE,TRUE,Unsuitable,Unsuitable
733,G,FINE,LOW,MID,FALSE,FALSE,Unsuitable,Unsuitable
734,G,FINE,LOW,MID,FALSE,TRUE,Unsuitable,Unsuitable
